交易流水号,银行,交易金额,币种,交易时间,入账时间
ORD-202607-0001,中国银行,8678.7885,CNY,2026-07-01 10:00:00,2026-07-03 10:00:00
ORD-202607-0002,中国银行,9558.6870,CNY,2026-07-01 14:30:00,2026-07-03 14:30:00
ORD-202607-0003,中国银行,5750.9036,CNY,2026-07-02 10:00:00,2026-07-04 10:00:00
ORD-202607-0004,中国银行,5901.9214,CNY,2026-07-02 14:30:00,2026-07-04 14:30:00
ORD-202607-0005,中国银行,6102.9210,CNY,2026-07-03 10:00:00,2026-07-05 10:00:00
ORD-202607-0006,中国银行,9501.4705,CNY,2026-07-03 14:30:00,2026-07-05 14:30:00
ORD-202607-0007,中国银行,1649.2734,CNY,2026-07-04 10:00:00,2026-07-06 10:00:00
ORD-202607-0008,工商银行,14937.1864,CNY,2026-07-04 14:30:00,2026-07-06 14:30:00
ORD-202607-0009,工商银行,15815.1041,CNY,2026-07-05 10:00:00,2026-07-07 10:00:00
ORD-202607-0010,工商银行,7046.6920,CNY,2026-07-05 14:30:00,2026-07-07 14:30:00
ORD-202607-0011,中国银行,7229.2799,CNY,2026-07-06 10:00:00,2026-07-08 10:00:00
ORD-202607-0012,中国银行,7409.1245,CNY,2026-07-06 14:30:00,2026-07-08 14:30:00
ORD-202607-0013,中国银行,13927.6138,CNY,2026-07-07 10:00:00,2026-07-09 10:00:00
ORD-202607-0014,工商银行,1836.4844,CNY,2026-07-07 14:30:00,2026-07-09 14:30:00
ORD-202607-0015,中国银行,21165.3860,CNY,2026-07-08 10:00:00,2026-07-10 10:00:00
ORD-202607-0016,工商银行,22090.2444,CNY,2026-07-08 14:30:00,2026-07-10 14:30:00
ORD-202607-0017,中国银行,8321.3354,CNY,2026-07-09 10:00:00,2026-07-11 10:00:00
ORD-202607-0018,中国银行,8529.7216,CNY,2026-07-09 14:30:00,2026-07-11 14:30:00
ORD-202607-0019,工商银行,8691.7993,CNY,2026-07-10 10:00:00,2026-07-12 10:00:00
ORD-202607-0020,中国银行,18385.8556,CNY,2026-07-10 14:30:00,2026-07-12 14:30:00
ORD-202607-0021,工商银行,2003.8809,CNY,2026-07-11 10:00:00,2026-07-13 10:00:00
ORD-202607-0022,中国银行,27455.4330,CNY,2026-07-11 14:30:00,2026-07-13 14:30:00
ORD-202607-0023,中国银行,28362.5022,CNY,2026-07-12 10:00:00,2026-07-14 10:00:00
ORD-202607-0024,中国银行,9620.2788,CNY,2026-07-12 14:30:00,2026-07-14 14:30:00
ORD-202607-0025,中国银行,9823.1935,CNY,2026-07-13 10:00:00,2026-07-15 10:00:00
ORD-202607-0026,工商银行,9983.9980,CNY,2026-07-13 14:30:00,2026-07-15 14:30:00
ORD-202607-0027,中国银行,22805.0105,CNY,2026-07-14 10:00:00,2026-07-16 10:00:00
ORD-202607-0028,中国银行,2171.0489,CNY,2026-07-14 14:30:00,2026-07-16 14:30:00
ORD-202607-0029,工商银行,33777.0734,CNY,2026-07-15 10:00:00,2026-07-17 10:00:00
ORD-202607-0030,中国银行,34653.1680,CNY,2026-07-15 14:30:00,2026-07-17 14:30:00
ORD-202607-0031,工商银行,10863.3051,CNY,2026-07-16 10:00:00,2026-07-18 10:00:00
ORD-202607-0032,工商银行,11052.9346,CNY,2026-07-16 14:30:00,2026-07-18 14:30:00
ORD-202607-0033,中国银行,11276.8598,CNY,2026-07-17 10:00:00,2026-07-19 10:00:00
ORD-202607-0034,中国银行,7289.6683,CNY,2026-07-17 14:30:00,2026-07-19 14:30:00
ORD-202607-0035,工商银行,2318.1061,CNY,2026-07-18 10:00:00,2026-07-20 10:00:00
ORD-202607-0036,工商银行,10582.6704,CNY,2026-07-18 14:30:00,2026-07-20 14:30:00
ORD-202607-0037,工商银行,11502.3044,CNY,2026-07-19 10:00:00,2026-07-21 10:00:00
ORD-202607-0038,工商银行,12213.2056,CNY,2026-07-19 14:30:00,2026-07-21 14:30:00
ORD-202607-0039,中国银行,12391.7665,CNY,2026-07-20 10:00:00,2026-07-22 10:00:00
ORD-202607-0040,工商银行,12566.7744,CNY,2026-07-20 14:30:00,2026-07-22 14:30:00
ORD-202607-0041,工商银行,11762.4386,CNY,2026-07-21 10:00:00,2026-07-23 10:00:00
ORD-202607-0042,工商银行,2476.1869,CNY,2026-07-21 14:30:00,2026-07-23 14:30:00
ORD-202607-0043,中国银行,16890.6635,CNY,2026-07-22 10:00:00,2026-07-24 10:00:00
ORD-202607-0044,工商银行,17797.6480,CNY,2026-07-22 14:30:00,2026-07-24 14:30:00
ORD-202607-0045,中国银行,13487.8690,CNY,2026-07-23 10:00:00,2026-07-25 10:00:00
ORD-202607-0046,中国银行,13664.5752,CNY,2026-07-23 14:30:00,2026-07-25 14:30:00
ORD-202607-0047,工商银行,13854.4574,CNY,2026-07-24 10:00:00,2026-07-26 10:00:00
ORD-202607-0048,中国银行,16195.7396,CNY,2026-07-24 14:30:00,2026-07-26 14:30:00
ORD-202607-0049,中国银行,2660.7438,CNY,2026-07-25 10:00:00,2026-07-27 10:00:00
ORD-202607-0050,中国银行,23167.0200,CNY,2026-07-25 14:30:00,2026-07-27 14:30:00
ORD-202607-0051,中国银行,24043.9644,CNY,2026-07-26 10:00:00,2026-07-28 10:00:00
ORD-202607-0052,工商银行,14796.3261,CNY,2026-07-26 14:30:00,2026-07-28 14:30:00
ORD-202607-0053,工商银行,14966.0666,CNY,2026-07-27 10:00:00,2026-07-29 10:00:00
ORD-202607-0054,中国银行,15139.8744,CNY,2026-07-27 14:30:00,2026-07-29 14:30:00
ORD-202607-0055,中国银行,20630.3070,CNY,2026-07-28 10:00:00,2026-07-30 10:00:00
ORD-202607-0056,中国银行,2823.7078,CNY,2026-07-28 14:30:00,2026-07-30 14:30:00
ORD-202607-0057,中国银行,29482.3775,CNY,2026-07-29 10:00:00,2026-07-31 10:00:00
ORD-202607-0058,中国银行,30350.7550,CNY,2026-07-29 14:30:00,2026-07-31 14:30:00
ORD-202607-0059,工商银行,5558.4337,CNY,2026-07-30 10:00:00,2026-08-01 10:00:00
ORD-202607-0060,中国银行,5741.7416,CNY,2026-07-30 14:30:00,2026-08-01 14:30:00
ORD-202607-0061,工商银行,5964.0157,CNY,2026-07-31 10:00:00,2026-08-02 10:00:00
ORD-202607-0062,工商银行,25134.2706,CNY,2026-07-31 14:30:00,2026-08-02 14:30:00
