费用类型,金额,币种,核算周期,订单号,收款方,费用日期,备注
物流费,100.00,CNY,202607,ORD-202607-0001,DHL国际快递,2026-07-01,ORD-202607-0001 头程运费
物流费,123.00,CNY,202607,ORD-202607-0002,顺丰国际物流,2026-07-01,ORD-202607-0002 头程运费
物流费,146.00,CNY,202607,ORD-202607-0003,FedEx联邦快递,2026-07-02,ORD-202607-0003 头程运费
物流费,169.00,CNY,202607,ORD-202607-0004,深圳跨境物流有限公司,2026-07-02,ORD-202607-0004 头程运费
物流费,192.00,CNY,202607,ORD-202607-0005,DHL国际快递,2026-07-03,ORD-202607-0005 头程运费
物流费,215.00,CNY,202607,ORD-202607-0006,顺丰国际物流,2026-07-03,ORD-202607-0006 头程运费
物流费,238.00,CNY,202607,ORD-202607-0007,FedEx联邦快递,2026-07-04,ORD-202607-0007 头程运费
物流费,261.00,CNY,202607,ORD-202607-0008,深圳跨境物流有限公司,2026-07-04,ORD-202607-0008 头程运费
物流费,284.00,CNY,202607,ORD-202607-0009,DHL国际快递,2026-07-05,ORD-202607-0009 头程运费
物流费,307.00,CNY,202607,ORD-202607-0010,顺丰国际物流,2026-07-05,ORD-202607-0010 头程运费
物流费,330.00,CNY,202607,ORD-202607-0011,FedEx联邦快递,2026-07-06,ORD-202607-0011 头程运费
物流费,353.00,CNY,202607,ORD-202607-0012,深圳跨境物流有限公司,2026-07-06,ORD-202607-0012 头程运费
物流费,376.00,CNY,202607,ORD-202607-0013,DHL国际快递,2026-07-07,ORD-202607-0013 头程运费
物流费,399.00,CNY,202607,ORD-202607-0014,顺丰国际物流,2026-07-07,ORD-202607-0014 头程运费
物流费,422.00,CNY,202607,ORD-202607-0015,FedEx联邦快递,2026-07-08,ORD-202607-0015 头程运费
物流费,445.00,CNY,202607,ORD-202607-0016,深圳跨境物流有限公司,2026-07-08,ORD-202607-0016 头程运费
物流费,468.00,CNY,202607,ORD-202607-0017,DHL国际快递,2026-07-09,ORD-202607-0017 头程运费
物流费,491.00,CNY,202607,ORD-202607-0018,顺丰国际物流,2026-07-09,ORD-202607-0018 头程运费
物流费,514.00,CNY,202607,ORD-202607-0019,FedEx联邦快递,2026-07-10,ORD-202607-0019 头程运费
物流费,537.00,CNY,202607,ORD-202607-0020,深圳跨境物流有限公司,2026-07-10,ORD-202607-0020 头程运费
物流费,560.00,CNY,202607,ORD-202607-0021,DHL国际快递,2026-07-11,ORD-202607-0021 头程运费
物流费,583.00,CNY,202607,ORD-202607-0022,顺丰国际物流,2026-07-11,ORD-202607-0022 头程运费
物流费,606.00,CNY,202607,ORD-202607-0023,FedEx联邦快递,2026-07-12,ORD-202607-0023 头程运费
物流费,629.00,CNY,202607,ORD-202607-0024,深圳跨境物流有限公司,2026-07-12,ORD-202607-0024 头程运费
物流费,652.00,CNY,202607,ORD-202607-0025,DHL国际快递,2026-07-13,ORD-202607-0025 头程运费
物流费,675.00,CNY,202607,ORD-202607-0026,顺丰国际物流,2026-07-13,ORD-202607-0026 头程运费
物流费,698.00,CNY,202607,ORD-202607-0027,FedEx联邦快递,2026-07-14,ORD-202607-0027 头程运费
物流费,721.00,CNY,202607,ORD-202607-0028,深圳跨境物流有限公司,2026-07-14,ORD-202607-0028 头程运费
物流费,744.00,CNY,202607,ORD-202607-0029,DHL国际快递,2026-07-15,ORD-202607-0029 头程运费
物流费,767.00,CNY,202607,ORD-202607-0030,顺丰国际物流,2026-07-15,ORD-202607-0030 头程运费
物流费,790.00,CNY,202607,ORD-202607-0031,FedEx联邦快递,2026-07-16,ORD-202607-0031 头程运费
物流费,813.00,CNY,202607,ORD-202607-0032,深圳跨境物流有限公司,2026-07-16,ORD-202607-0032 头程运费
物流费,836.00,CNY,202607,ORD-202607-0033,DHL国际快递,2026-07-17,ORD-202607-0033 头程运费
物流费,859.00,CNY,202607,ORD-202607-0034,顺丰国际物流,2026-07-17,ORD-202607-0034 头程运费
物流费,882.00,CNY,202607,ORD-202607-0035,FedEx联邦快递,2026-07-18,ORD-202607-0035 头程运费
物流费,905.00,CNY,202607,ORD-202607-0036,深圳跨境物流有限公司,2026-07-18,ORD-202607-0036 头程运费
物流费,928.00,CNY,202607,ORD-202607-0037,DHL国际快递,2026-07-19,ORD-202607-0037 头程运费
物流费,951.00,CNY,202607,ORD-202607-0038,顺丰国际物流,2026-07-19,ORD-202607-0038 头程运费
物流费,974.00,CNY,202607,ORD-202607-0039,FedEx联邦快递,2026-07-20,ORD-202607-0039 头程运费
物流费,997.00,CNY,202607,ORD-202607-0040,深圳跨境物流有限公司,2026-07-20,ORD-202607-0040 头程运费
物流费,1020.00,CNY,202607,ORD-202607-0041,DHL国际快递,2026-07-21,ORD-202607-0041 头程运费
物流费,1043.00,CNY,202607,ORD-202607-0042,顺丰国际物流,2026-07-21,ORD-202607-0042 头程运费
物流费,1066.00,CNY,202607,ORD-202607-0043,FedEx联邦快递,2026-07-22,ORD-202607-0043 头程运费
物流费,1089.00,CNY,202607,ORD-202607-0044,深圳跨境物流有限公司,2026-07-22,ORD-202607-0044 头程运费
物流费,1112.00,CNY,202607,ORD-202607-0045,DHL国际快递,2026-07-23,ORD-202607-0045 头程运费
物流费,1135.00,CNY,202607,ORD-202607-0046,顺丰国际物流,2026-07-23,ORD-202607-0046 头程运费
物流费,1158.00,CNY,202607,ORD-202607-0047,FedEx联邦快递,2026-07-24,ORD-202607-0047 头程运费
物流费,1181.00,CNY,202607,ORD-202607-0048,深圳跨境物流有限公司,2026-07-24,ORD-202607-0048 头程运费
物流费,1204.00,CNY,202607,ORD-202607-0049,DHL国际快递,2026-07-25,ORD-202607-0049 头程运费
物流费,1227.00,CNY,202607,ORD-202607-0050,顺丰国际物流,2026-07-25,ORD-202607-0050 头程运费
物流费,1250.00,CNY,202607,ORD-202607-0051,FedEx联邦快递,2026-07-26,ORD-202607-0051 头程运费
物流费,1273.00,CNY,202607,ORD-202607-0052,深圳跨境物流有限公司,2026-07-26,ORD-202607-0052 头程运费
物流费,1296.00,CNY,202607,ORD-202607-0053,DHL国际快递,2026-07-27,ORD-202607-0053 头程运费
物流费,1319.00,CNY,202607,ORD-202607-0054,顺丰国际物流,2026-07-27,ORD-202607-0054 头程运费
物流费,1342.00,CNY,202607,ORD-202607-0055,FedEx联邦快递,2026-07-28,ORD-202607-0055 头程运费
物流费,1365.00,CNY,202607,ORD-202607-0056,深圳跨境物流有限公司,2026-07-28,ORD-202607-0056 头程运费
物流费,1388.00,CNY,202607,ORD-202607-0057,DHL国际快递,2026-07-29,ORD-202607-0057 头程运费
物流费,1411.00,CNY,202607,ORD-202607-0058,顺丰国际物流,2026-07-29,ORD-202607-0058 头程运费
物流费,1434.00,CNY,202607,ORD-202607-0059,FedEx联邦快递,2026-07-30,ORD-202607-0059 头程运费
物流费,1457.00,CNY,202607,ORD-202607-0060,深圳跨境物流有限公司,2026-07-30,ORD-202607-0060 头程运费
物流费,1480.00,CNY,202607,ORD-202607-0061,DHL国际快递,2026-07-31,ORD-202607-0061 头程运费
物流费,1503.00,CNY,202607,ORD-202607-0062,顺丰国际物流,2026-07-31,ORD-202607-0062 头程运费
仓储费,3500.00,CNY,202607,,广州仓储服务有限公司,2026-07-05,7月仓储租金（2026-07-05周，公共池分摊）
仓储费,3500.00,CNY,202607,,广州仓储服务有限公司,2026-07-12,7月仓储租金（2026-07-12周，公共池分摊）
仓储费,3500.00,CNY,202607,,广州仓储服务有限公司,2026-07-19,7月仓储租金（2026-07-19周，公共池分摊）
仓储费,3500.00,CNY,202607,,广州仓储服务有限公司,2026-07-26,7月仓储租金（2026-07-26周，公共池分摊）
广告费,1200.00,USD,202607,,上海广告传媒有限公司,2026-07-05,Amazon站内广告投放（公共池分摊）
广告费,800.00,USD,202607,,上海广告传媒有限公司,2026-07-12,Shopee广告投放（公共池分摊）
广告费,500.00,EUR,202607,,上海广告传媒有限公司,2026-07-19,eBay广告投放（公共池分摊）
广告费,600.00,USD,202607,,上海广告传媒有限公司,2026-07-26,Rakuten广告投放（公共池分摊）
关税税费,485.33,CNY,202607,ORD-202607-0001,海关总署,2026-07-01,ORD-202607-0001 进口关税
关税税费,523.93,CNY,202607,ORD-202607-0006,海关总署,2026-07-03,ORD-202607-0006 进口关税
关税税费,386.93,CNY,202607,ORD-202607-0011,海关总署,2026-07-06,ORD-202607-0011 进口关税
关税税费,1231.30,CNY,202607,ORD-202607-0016,海关总署,2026-07-08,ORD-202607-0016 进口关税
关税税费,105.78,CNY,202607,ORD-202607-0021,海关总署,2026-07-11,ORD-202607-0021 进口关税
关税税费,534.10,CNY,202607,ORD-202607-0026,海关总署,2026-07-13,ORD-202607-0026 进口关税
关税税费,583.16,CNY,202607,ORD-202607-0031,海关总署,2026-07-16,ORD-202607-0031 进口关税
关税税费,592.42,CNY,202607,ORD-202607-0036,海关总署,2026-07-18,ORD-202607-0036 进口关税
关税税费,647.64,CNY,202607,ORD-202607-0041,海关总署,2026-07-21,ORD-202607-0041 进口关税
关税税费,730.33,CNY,202607,ORD-202607-0046,海关总署,2026-07-23,ORD-202607-0046 进口关税
关税税费,1338.38,CNY,202607,ORD-202607-0051,海关总署,2026-07-26,ORD-202607-0051 进口关税
关税税费,148.50,CNY,202607,ORD-202607-0056,海关总署,2026-07-28,ORD-202607-0056 进口关税
关税税费,319.50,CNY,202607,ORD-202607-0061,海关总署,2026-07-31,ORD-202607-0061 进口关税
平台佣金,133.70,USD,202607,ORD-202607-0001,Amazon,2026-07-03,ORD-202607-0001 平台佣金10%
平台佣金,410.64,HKD,202607,ORD-202607-0004,Shopee,2026-07-04,ORD-202607-0004 平台佣金6%
平台佣金,1161.93,JPY,202607,ORD-202607-0007,Rakuten,2026-07-06,ORD-202607-0007 平台佣金3%
平台佣金,486.60,HKD,202607,ORD-202607-0010,Shopee,2026-07-07,ORD-202607-0010 平台佣金6%
平台佣金,176.13,EUR,202607,ORD-202607-0013,eBay,2026-07-09,ORD-202607-0013 平台佣金9%
平台佣金,339.20,USD,202607,ORD-202607-0016,Amazon,2026-07-10,ORD-202607-0016 平台佣金10%
平台佣金,600.54,HKD,202607,ORD-202607-0019,Shopee,2026-07-12,ORD-202607-0019 平台佣金6%
平台佣金,421.40,USD,202607,ORD-202607-0022,Amazon,2026-07-13,ORD-202607-0022 平台佣金10%
平台佣金,676.50,HKD,202607,ORD-202607-0025,Shopee,2026-07-15,ORD-202607-0025 平台佣金6%
平台佣金,1497.72,JPY,202607,ORD-202607-0028,Rakuten,2026-07-16,ORD-202607-0028 平台佣金3%
平台佣金,752.46,HKD,202607,ORD-202607-0031,Shopee,2026-07-18,ORD-202607-0031 平台佣金6%
平台佣金,92.34,EUR,202607,ORD-202607-0034,eBay,2026-07-19,ORD-202607-0034 平台佣金9%
平台佣金,176.90,USD,202607,ORD-202607-0037,Amazon,2026-07-21,ORD-202607-0037 平台佣金10%
平台佣金,866.40,HKD,202607,ORD-202607-0040,Shopee,2026-07-22,ORD-202607-0040 平台佣金6%
平台佣金,259.10,USD,202607,ORD-202607-0043,Amazon,2026-07-24,ORD-202607-0043 平台佣金10%
平台佣金,942.36,HKD,202607,ORD-202607-0046,Shopee,2026-07-25,ORD-202607-0046 平台佣金6%
平台佣金,1833.51,JPY,202607,ORD-202607-0049,Rakuten,2026-07-27,ORD-202607-0049 平台佣金3%
平台佣金,1018.32,HKD,202607,ORD-202607-0052,Shopee,2026-07-28,ORD-202607-0052 平台佣金6%
平台佣金,260.55,EUR,202607,ORD-202607-0055,eBay,2026-07-30,ORD-202607-0055 平台佣金9%
平台佣金,464.60,USD,202607,ORD-202607-0058,Amazon,2026-07-31,ORD-202607-0058 平台佣金10%
汇兑损失,200.00,CNY,202607,,中国银行,2026-07-08,2026-07-08 汇率波动损失（公共池分摊）
汇兑损失,200.00,CNY,202607,,中国银行,2026-07-15,2026-07-15 汇率波动损失（公共池分摊）
汇兑损失,200.00,CNY,202607,,中国银行,2026-07-22,2026-07-22 汇率波动损失（公共池分摊）
汇兑损失,200.00,CNY,202607,,中国银行,2026-07-29,2026-07-29 汇率波动损失（公共池分摊）
退货损失,832.10,HKD,202607,ORD-202607-0011,Shopee,2026-07-08,ORD-202607-0011 买家退货损失
退货损失,4619.30,JPY,202607,ORD-202607-0021,Rakuten,2026-07-13,ORD-202607-0021 买家退货损失
退货损失,1254.10,HKD,202607,ORD-202607-0031,Shopee,2026-07-18,ORD-202607-0031 买家退货损失
退货损失,164.90,EUR,202607,ORD-202607-0041,eBay,2026-07-23,ORD-202607-0041 买家退货损失
退货损失,368.70,USD,202607,ORD-202607-0051,Amazon,2026-07-28,ORD-202607-0051 买家退货损失
退货损失,687.10,HKD,202607,ORD-202607-0061,Shopee,2026-07-31,ORD-202607-0061 买家退货损失
包装费,222.00,CNY,202607,ORD-202607-0001,包装材料供应商,2026-07-01,ORD-202607-0001 包装材料费
包装费,131.00,CNY,202607,ORD-202607-0005,包装材料供应商,2026-07-03,ORD-202607-0005 包装材料费
包装费,163.00,CNY,202607,ORD-202607-0009,包装材料供应商,2026-07-05,ORD-202607-0009 包装材料费
包装费,143.00,CNY,202607,ORD-202607-0013,包装材料供应商,2026-07-07,ORD-202607-0013 包装材料费
包装费,279.00,CNY,202607,ORD-202607-0017,包装材料供应商,2026-07-09,ORD-202607-0017 包装材料费
包装费,232.00,CNY,202607,ORD-202607-0021,包装材料供应商,2026-07-11,ORD-202607-0021 包装材料费
包装费,234.00,CNY,202607,ORD-202607-0025,包装材料供应商,2026-07-13,ORD-202607-0025 包装材料费
包装费,268.00,CNY,202607,ORD-202607-0029,包装材料供应商,2026-07-15,ORD-202607-0029 包装材料费
包装费,179.00,CNY,202607,ORD-202607-0033,包装材料供应商,2026-07-17,ORD-202607-0033 包装材料费
包装费,120.00,CNY,202607,ORD-202607-0037,包装材料供应商,2026-07-19,ORD-202607-0037 包装材料费
包装费,170.00,CNY,202607,ORD-202607-0041,包装材料供应商,2026-07-21,ORD-202607-0041 包装材料费
包装费,135.00,CNY,202607,ORD-202607-0045,包装材料供应商,2026-07-23,ORD-202607-0045 包装材料费
包装费,138.00,CNY,202607,ORD-202607-0049,包装材料供应商,2026-07-25,ORD-202607-0049 包装材料费
包装费,239.00,CNY,202607,ORD-202607-0053,包装材料供应商,2026-07-27,ORD-202607-0053 包装材料费
包装费,263.00,CNY,202607,ORD-202607-0057,包装材料供应商,2026-07-29,ORD-202607-0057 包装材料费
包装费,234.00,CNY,202607,ORD-202607-0061,包装材料供应商,2026-07-31,ORD-202607-0061 包装材料费
其他,200.00,CNY,202607,,杂项,2026-07-07,7月杂费（公共池分摊）
其他,150.00,CNY,202607,,杂项,2026-07-14,7月平台活动报名费（公共池分摊）
其他,300.00,CNY,202607,,杂项,2026-07-21,7月系统服务费（公共池分摊）
其他,180.00,CNY,202607,,杂项,2026-07-28,7月软件订阅费（公共池分摊）
中转手续费,50.00,CNY,202607,ORD-202607-0001,中转银行,2026-07-01,ORD-202607-0001 中转行汇款手续费
中转手续费,80.00,CNY,202607,ORD-202607-0008,中转银行,2026-07-04,ORD-202607-0008 中转行汇款手续费
中转手续费,100.00,CNY,202607,ORD-202607-0015,中转银行,2026-07-08,ORD-202607-0015 中间行扣收费用
中转手续费,120.00,CNY,202607,ORD-202607-0022,中转银行,2026-07-11,ORD-202607-0022 中转行汇款手续费
中转手续费,150.00,CNY,202607,ORD-202607-0029,中转银行,2026-07-15,ORD-202607-0029 中间行扣收费用
中转手续费,60.00,CNY,202607,ORD-202607-0036,中转银行,2026-07-18,ORD-202607-0036 中转行汇款手续费
中转手续费,70.00,CNY,202607,ORD-202607-0043,中转银行,2026-07-22,ORD-202607-0043 中转行汇款手续费
中转手续费,90.00,CNY,202607,ORD-202607-0050,中转银行,2026-07-25,ORD-202607-0050 中间行扣收费用
中转费,39.12,CNY,202607,ORD-202607-0001,中转行C,2026-07-01,ORD-202607-0001 中转手续费
中转费,52.53,CNY,202607,ORD-202607-0002,中转行A,2026-07-01,ORD-202607-0002 中转手续费
中转费,41.43,CNY,202607,ORD-202607-0003,中转行C,2026-07-02,ORD-202607-0003 中转手续费
中转费,74.67,CNY,202607,ORD-202607-0004,中转行C,2026-07-02,ORD-202607-0004 中转手续费
中转费,64.56,CNY,202607,ORD-202607-0005,中转行A,2026-07-03,ORD-202607-0005 中转手续费
中转费,37.67,CNY,202607,ORD-202607-0006,中转行A,2026-07-03,ORD-202607-0006 中转手续费
中转费,71.39,CNY,202607,ORD-202607-0007,中转行C,2026-07-04,ORD-202607-0007 中转手续费
中转费,46.28,CNY,202607,ORD-202607-0008,中转行A,2026-07-04,ORD-202607-0008 中转手续费
中转费,66.79,CNY,202607,ORD-202607-0009,中转行A,2026-07-05,ORD-202607-0009 中转手续费
中转费,43.07,CNY,202607,ORD-202607-0010,中转行B,2026-07-05,ORD-202607-0010 中转手续费
中转费,52.76,CNY,202607,ORD-202607-0011,中转行A,2026-07-06,ORD-202607-0011 中转手续费
中转费,57.57,CNY,202607,ORD-202607-0012,中转行A,2026-07-06,ORD-202607-0012 中转手续费
中转费,61.12,CNY,202607,ORD-202607-0013,中转行B,2026-07-07,ORD-202607-0013 中转手续费
中转费,58.17,CNY,202607,ORD-202607-0014,中转行A,2026-07-07,ORD-202607-0014 中转手续费
中转费,67.63,CNY,202607,ORD-202607-0015,中转行B,2026-07-08,ORD-202607-0015 中转手续费
中转费,36.45,CNY,202607,ORD-202607-0016,中转行C,2026-07-08,ORD-202607-0016 中转手续费
中转费,59.62,CNY,202607,ORD-202607-0017,中转行C,2026-07-09,ORD-202607-0017 中转手续费
中转费,35.69,CNY,202607,ORD-202607-0018,中转行C,2026-07-09,ORD-202607-0018 中转手续费
中转费,48.66,CNY,202607,ORD-202607-0019,中转行A,2026-07-10,ORD-202607-0019 中转手续费
中转费,49.07,CNY,202607,ORD-202607-0020,中转行B,2026-07-10,ORD-202607-0020 中转手续费
中转费,52.77,CNY,202607,ORD-202607-0021,中转行C,2026-07-11,ORD-202607-0021 中转手续费
中转费,59.88,CNY,202607,ORD-202607-0022,中转行B,2026-07-11,ORD-202607-0022 中转手续费
中转费,59.10,CNY,202607,ORD-202607-0023,中转行C,2026-07-12,ORD-202607-0023 中转手续费
中转费,51.87,CNY,202607,ORD-202607-0024,中转行C,2026-07-12,ORD-202607-0024 中转手续费
中转费,44.01,CNY,202607,ORD-202607-0025,中转行A,2026-07-13,ORD-202607-0025 中转手续费
中转费,67.86,CNY,202607,ORD-202607-0026,中转行B,2026-07-13,ORD-202607-0026 中转手续费
中转费,75.62,CNY,202607,ORD-202607-0027,中转行C,2026-07-14,ORD-202607-0027 中转手续费
中转费,56.56,CNY,202607,ORD-202607-0028,中转行A,2026-07-14,ORD-202607-0028 中转手续费
中转费,32.62,CNY,202607,ORD-202607-0029,中转行B,2026-07-15,ORD-202607-0029 中转手续费
中转费,51.93,CNY,202607,ORD-202607-0030,中转行A,2026-07-15,ORD-202607-0030 中转手续费
中转费,76.46,CNY,202607,ORD-202607-0031,中转行A,2026-07-16,ORD-202607-0031 中转手续费
中转费,70.89,CNY,202607,ORD-202607-0032,中转行C,2026-07-16,ORD-202607-0032 中转手续费
中转费,67.58,CNY,202607,ORD-202607-0033,中转行B,2026-07-17,ORD-202607-0033 中转手续费
中转费,41.43,CNY,202607,ORD-202607-0034,中转行C,2026-07-17,ORD-202607-0034 中转手续费
中转费,75.98,CNY,202607,ORD-202607-0035,中转行C,2026-07-18,ORD-202607-0035 中转手续费
中转费,77.88,CNY,202607,ORD-202607-0036,中转行C,2026-07-18,ORD-202607-0036 中转手续费
中转费,62.71,CNY,202607,ORD-202607-0037,中转行A,2026-07-19,ORD-202607-0037 中转手续费
中转费,41.33,CNY,202607,ORD-202607-0038,中转行A,2026-07-19,ORD-202607-0038 中转手续费
中转费,33.85,CNY,202607,ORD-202607-0039,中转行A,2026-07-20,ORD-202607-0039 中转手续费
中转费,43.10,CNY,202607,ORD-202607-0040,中转行C,2026-07-20,ORD-202607-0040 中转手续费
中转费,35.20,CNY,202607,ORD-202607-0041,中转行B,2026-07-21,ORD-202607-0041 中转手续费
中转费,78.81,CNY,202607,ORD-202607-0042,中转行C,2026-07-21,ORD-202607-0042 中转手续费
中转费,50.59,CNY,202607,ORD-202607-0043,中转行C,2026-07-22,ORD-202607-0043 中转手续费
中转费,39.38,CNY,202607,ORD-202607-0044,中转行C,2026-07-22,ORD-202607-0044 中转手续费
中转费,57.86,CNY,202607,ORD-202607-0045,中转行B,2026-07-23,ORD-202607-0045 中转手续费
中转费,65.61,CNY,202607,ORD-202607-0046,中转行B,2026-07-23,ORD-202607-0046 中转手续费
中转费,30.26,CNY,202607,ORD-202607-0047,中转行C,2026-07-24,ORD-202607-0047 中转手续费
中转费,44.63,CNY,202607,ORD-202607-0048,中转行C,2026-07-24,ORD-202607-0048 中转手续费
中转费,54.44,CNY,202607,ORD-202607-0049,中转行A,2026-07-25,ORD-202607-0049 中转手续费
中转费,60.63,CNY,202607,ORD-202607-0050,中转行C,2026-07-25,ORD-202607-0050 中转手续费
中转费,73.44,CNY,202607,ORD-202607-0051,中转行C,2026-07-26,ORD-202607-0051 中转手续费
中转费,56.55,CNY,202607,ORD-202607-0052,中转行A,2026-07-26,ORD-202607-0052 中转手续费
中转费,39.16,CNY,202607,ORD-202607-0053,中转行B,2026-07-27,ORD-202607-0053 中转手续费
中转费,49.61,CNY,202607,ORD-202607-0054,中转行A,2026-07-27,ORD-202607-0054 中转手续费
中转费,76.47,CNY,202607,ORD-202607-0055,中转行A,2026-07-28,ORD-202607-0055 中转手续费
中转费,69.81,CNY,202607,ORD-202607-0056,中转行C,2026-07-28,ORD-202607-0056 中转手续费
中转费,40.30,CNY,202607,ORD-202607-0057,中转行C,2026-07-29,ORD-202607-0057 中转手续费
中转费,68.93,CNY,202607,ORD-202607-0058,中转行B,2026-07-29,ORD-202607-0058 中转手续费
中转费,73.22,CNY,202607,ORD-202607-0059,中转行A,2026-07-30,ORD-202607-0059 中转手续费
中转费,74.17,CNY,202607,ORD-202607-0060,中转行C,2026-07-30,ORD-202607-0060 中转手续费
中转费,55.53,CNY,202607,ORD-202607-0061,中转行C,2026-07-31,ORD-202607-0061 中转手续费
中转费,60.59,CNY,202607,ORD-202607-0062,中转行C,2026-07-31,ORD-202607-0062 中转手续费
